<odoo noupdate="1">

    <!-- Floor -->

    <record id="hotel_floor_ground0" model="hotel.floor">
        <field eval="&quot;Ground&quot;" name="name" />
    </record>
    <record id="hotel_floor_first0" model="hotel.floor">
        <field eval="&quot;First&quot;" name="name" />
        <field eval="1" name="sequence" />
    </record>
    <record id="hotel_floor_second0" model="hotel.floor">
        <field eval="&quot;Second&quot;" name="name" />
        <field eval="2" name="sequence" />
    </record>
    <record id="hotel_floor_third0" model="hotel.floor">
        <field eval="&quot;Third&quot;" name="name" />
        <field eval="3" name="sequence" />
    </record>

    <!-- hotel_room_amenities_type -->
    <record id="hotel_room_amenities_type_0" model="hotel.room.amenities.type">
        <field name="name">All Aminities</field>
    </record>
    <record id="hotel_room_amenities_type_1" model="hotel.room.amenities.type">
        <field name="amenity_id" search="[('name', '=', 'All Aminities')]" />
        <field name="name">Beds</field>
    </record>
    <record id="hotel_room_amenities_type_2" model="hotel.room.amenities.type">
        <field name="amenity_id" search="[('name', '=', 'All Aminities')]" />
        <field name="name">Tables</field>
    </record>
    <record id="hotel_room_amenities_type_3" model="hotel.room.amenities.type">
        <field name="amenity_id" search="[('name', '=', 'Beds')]" />
        <field name="name">Single Bed</field>
    </record>
    <record id="hotel_room_amenities_type_4" model="hotel.room.amenities.type">
        <field name="amenity_id" search="[('name', '=', 'Beds')]" />
        <field name="name">Double Bed</field>
    </record>

    <!-- hotel_room_type -->
    <record id="rooms" model="hotel.room.type">
        <field name="name">All Rooms</field>
    </record>
    <record id="hotel_room_type_1" model="hotel.room.type">
        <field name="categ_id" search="[('name', '=', 'All Rooms')]"/>
        <field name="name">Single</field>
    </record>
    <record id="hotel_room_type_2" model="hotel.room.type">
        <field name="categ_id" search="[('name', '=', 'All Rooms')]"/>
        <field name="name">Double</field>
    </record>
    <record id="hotel_room_type_3" model="hotel.room.type">
        <field name="categ_id" search="[('name', '=', 'All Rooms')]"/>
        <field name="name">Triple</field>
    </record>

    <!-- hotel_service_type -->
    <record id="hotel_service_type_0" model="hotel.service.type">
        <field name="name">All Services</field>
    </record>
    <record id="hotel_service_type_1" model="hotel.service.type">
        <field name="service_id" search="[('name', '=', 'All Services')]" />
        <field name="name">Fixed</field>
    </record>
    <record id="hotel_service_type_2" model="hotel.service.type">
        <field name="service_id" search="[('name', '=', 'All Services')]" />
        <field name="name">Variable</field>
    </record>

    <!-- hotel_room -->
    <record id="hotel_room_0" model="hotel.room">
        <field name="name">Single-101</field>
        <field name="isroom">1</field>
        <field name="categ_id" search="[('name', '=', 'Single')]"/>
        <field name="list_price">100.00</field>
        <field name="capacity">2</field>
        <field name="available_in_pos">0</field>
    </record>
    <record id="hotel_room_1" model="hotel.room">
        <field name="name">Single-102</field>
        <field name="isroom">1</field>
        <field name="categ_id" search="[('name', '=', 'Single')]"/>
        <field name="list_price">100.00</field>
        <field name="capacity">2</field>
        <field name="available_in_pos">0</field>
    </record>
    <record id="hotel_room_2" model="hotel.room">
        <field name="name">Single-103</field>
        <field name="isroom">1</field>
        <field name="categ_id" search="[('name', '=', 'Single')]"/>
        <field name="list_price">100.00</field>
        <field name="capacity">2</field>
        <field name="available_in_pos">0</field>
    </record>
    <record id="hotel_room_3" model="hotel.room">
        <field name="name">Double-201</field>
        <field name="isroom">1</field>
        <field name="categ_id" search="[('name', '=', 'Double')]"/>
        <field name="list_price">200.00</field>
        <field name="capacity">5</field>
        <field name="available_in_pos">0</field>
    </record>
    <record id="hotel_room_4" model="hotel.room">
        <field name="name">Double-202</field>
        <field name="isroom">1</field>
        <field name="categ_id" search="[('name', '=', 'Double')]"/>
        <field name="list_price">200.00</field>
        <field name="capacity">5</field>
        <field name="available_in_pos">0</field>
    </record>
    <record id="hotel_room_5" model="hotel.room">
        <field name="name">Double-203</field>
        <field name="isroom">1</field>
        <field name="categ_id" search="[('name', '=', 'Double')]"/>
        <field name="list_price">200.00</field>
        <field name="capacity">5</field>
        <field name="available_in_pos">0</field>
    </record>
    <record id="hotel_room_6" model="hotel.room">
        <field name="name">Triple-101</field>
        <field name="isroom">1</field>
        <field name="available_in_pos">0</field>
        <field name="categ_id" search="[('name', '=', 'Triple')]"/>
        <field name="list_price">300.00</field>
        <field name="capacity">6</field>
    </record>
    <record id="hotel_room_61" model="hotel.room">
        <field name="name">Triple-102</field>
        <field name="isroom">1</field>
        <field name="categ_id" search="[('name', '=', 'Triple')]"/>
        <field name="list_price">300.00</field>
        <field name="capacity">6</field>
        <field name="available_in_pos">6</field>
    </record>

    <!-- hotel_services -->
    <record id="hotel_service_6" model="hotel.services">
        <field name="name">Internet</field>
        <field name="isservice">1</field>
        <field name="categ_id" search="[('name', '=', 'Fixed')]" />
        <field name="list_price">200.00</field>
        <field name="available_in_pos">0</field>
    </record>
    <record id="hotel_service_0" model="hotel.services">
        <field name="name">Taxi</field>
        <field name="isservice">1</field>
        <field name="categ_id" search="[('name', '=', 'Variable')]" />
        <field name="list_price">500.00</field>
        <field name="available_in_pos">0</field>
    </record>
    <record id="hotel_service_1" model="hotel.services">
        <field name="name">Laundry</field>
        <field name="isservice">1</field>
        <field name="categ_id" search="[('name', '=', 'Fixed')]" />
        <field name="list_price">150.00</field>
        <field name="available_in_pos">0</field>
    </record>

    <!--Amenities -->
    <record id="hotel_room_amenities_1" model="hotel.room.amenities">
        <field name="name">Toiletries</field>
        <field name="iscategid">1</field>
        <field name="categ_id" search="[('name', '=', 'All Aminities')]" />
    </record>
    <record id="hotel_room_amenities_2" model="hotel.room.amenities">
        <field name="name">Iron</field>
        <field name="iscategid">1</field>
        <field name="categ_id" search="[('name', '=', 'All Aminities')]" />
    </record>
    <record id="hotel_room_amenities_3" model="hotel.room.amenities">
        <field name="name">Irons Boards</field>
        <field name="iscategid">1</field>
        <field name="categ_id" search="[('name', '=', 'All Aminities')]" />
    </record>

</odoo>
